Player-additional,season_start,age_prev_season,position,games_available_prev_season,ftapg_prev_season,ppg_prev_season,apg_prev_season,rpg_prev_season,bpg_prev_season,spg_prev_season,topg_prev_season,roll_career_ppg,roll_career_apg,roll_career_rpg,roll_career_bpg,roll_career_spg,roll_career_topg,fantasy_points_per_game,years_in_nba_prev_season,new_coach,new_team,prediction,residual
duranke01,2016,27.0,PF,72.0,6.9,28.2,5.0,8.2,1.2,1.0,3.5,28.9,4.0,7.6,1.1,1.2,3.4,45.5,6.0,,True,45.336845,0.16315460205078125
duranke01,2017,28.0,PF,62.0,6.2,25.1,4.8,8.3,1.6,1.1,2.2,28.4,4.1,7.7,1.1,1.2,3.2,44.7,7.0,False,False,45.25645,-0.556450653076169
duranke01,2018,29.0,PF,68.0,5.9,26.4,5.4,6.8,1.8,0.7,3.0,28.2,4.3,7.6,1.2,1.2,3.2,43.2,8.0,False,False,43.61458,-0.41457824707030966
jamesle01,2019,34.0,SF,55.0,7.6,27.4,8.3,8.5,0.6,1.3,3.6,26.9,7.6,7.7,0.7,1.5,3.6,49.5,9.0,True,False,50.046593,-0.5465927124023438
jamesle01,2020,35.0,SF,67.0,5.7,25.3,10.2,7.8,0.5,1.2,3.9,26.8,7.8,7.7,0.7,1.5,3.6,45.6,10.0,False,False,46.853,-1.2530006408691392
jamesle01,2021,36.0,SF,45.0,5.7,25.0,7.8,7.7,0.6,1.1,3.7,26.7,7.8,7.7,0.7,1.5,3.6,50.7,11.0,False,False,49.095303,1.6046974182128935
curryst01,2022,33.0,PG,64.0,4.7,25.5,6.3,5.2,0.4,1.3,3.2,24.3,6.5,4.7,0.2,1.6,3.1,45.6,12.0,False,False,43.327232,2.2727676391601577
curryst01,2023,34.0,PG,56.0,5.0,29.4,6.3,6.1,0.4,0.9,3.2,24.6,6.5,4.7,0.2,1.6,3.2,38.8,13.0,False,False,40.542027,-1.7420265197753935
curryst01,2024,35.0,PG,74.0,4.4,26.4,5.1,4.5,0.4,0.7,2.8,24.8,6.4,4.7,0.3,1.5,3.1,38.9,14.0,False,False,38.78507,0.11493148803710795