{
  "cv_fold_rmse": [
    5.122498810907366,
    5.086206291245353,
    5.1703280605305375,
    4.889501727692134,
    4.954393912840942
  ],
  "cv_rmse_mean": 5.044585760643267,
  "cv_rmse_std": 0.10564039439190041,
  "train_rmse": 2.0900252771373737,
  "train_mae": 1.5962013865562619,
  "train_r2": 0.9568224229140779
}